timestamp,open,high,low,close,volumefrom,volumeto
2016-12-26 00:00:00+00:00,967.72,1004.68,952.47,998.2,40361.2,39806501.06
2017-01-02 00:00:00+00:00,998.2,1157.7,805.1,904.93,916992.94,899038456.17
2017-01-09 00:00:00+00:00,904.93,917.03,742.95,821.73,588620.75,487145741.8
2017-01-16 00:00:00+00:00,821.73,939.89,816.59,919.65,371036.51,329761899.12
2017-01-23 00:00:00+00:00,919.65,928.47,885.74,915.1,217689.22,198522881.61
2017-01-30 00:00:00+00:00,915.1,1041.33,912.55,1015.08,299987.61,296435605.42
2017-02-06 00:00:00+00:00,1015.08,1074.35,926.37,999.83,388833.56,392357218.17
2017-02-13 00:00:00+00:00,999.83,1067.04,973.6,1049.72,222762.22,228664606.39
2017-02-20 00:00:00+00:00,1049.72,1212.67,1043.35,1175.34,393730.33,449392558.03
2017-02-27 00:00:00+00:00,1175.34,1292.06,1159.02,1274.22,346824.27,428999145.49
2017-03-06 00:00:00+00:00,1274.22,1329.88,987.18,1224.22,582133.0,694720254.32
2017-03-13 00:00:00+00:00,1224.22,1325.77,942.31,1022.12,1030214.4,1198471325.66
2017-03-20 00:00:00+00:00,1022.12,1124.9,895.13,970.64,670806.03,676211171.6
2017-03-27 00:00:00+00:00,970.64,1108.92,960.45,1098.06,527735.83,554228281.95
2017-04-03 00:00:00+00:00,1098.06,1214.96,1100.26,1203.76,469610.82,544638195.93
2017-04-10 00:00:00+00:00,1203.76,1229.03,649.54,1171.68,283416.97000000003,340517405.49
2017-04-17 00:00:00+00:00,1171.68,1264.49,1173.76,1248.66,326379.69,406777403.77
2017-04-24 00:00:00+00:00,1248.66,1366.53,1231.76,1360.75,362594.36,483287460.35
2017-05-01 00:00:00+00:00,1360.75,1618.78,1346.75,1542.58,640253.31,975929655.05
2017-05-08 00:00:00+00:00,1542.58,1858.56,1550.17,1777.62,658617.19,1142364135.37
2017-05-15 00:00:00+00:00,1777.62,2208.03,1643.4,2045.61,591547.33,1108813642.86
2017-05-22 00:00:00+00:00,2045.61,2781.31,1868.56,2189.02,1237632.68,2783601282.03
2017-05-29 00:00:00+00:00,2189.02,2582.77,2117.34,2524.06,667109.23,1551458969.57
2017-06-05 00:00:00+00:00,2524.06,2977.86,2523.92,2973.45,804312.22,2249004889.27
2017-06-12 00:00:00+00:00,2973.45,2985.06,2125.56,2539.56,1076836.98,2722762477.88
2017-06-19 00:00:00+00:00,2539.56,2804.41,2472.37,2541.62,681403.88,1805178366.74
2017-06-26 00:00:00+00:00,2541.62,2627.66,2309.63,2536.46,807301.27,1995002399.3
2017-07-03 00:00:00+00:00,2536.46,2658.73,2480.62,2511.43,498086.51,1277141844.28
2017-07-10 00:00:00+00:00,2511.43,2530.34,1808.99,1914.09,927489.23,2047705914.87
2017-07-17 00:00:00+00:00,1914.09,2932.81,1913.79,2756.61,1715889.09,4212241162.94
2017-07-24 00:00:00+00:00,2756.61,2843.78,2441.54,2766.49,834349.62,2211414689.9
2017-07-31 00:00:00+00:00,2766.49,3344.01,2659.62,3232.03,653039.32,1903147715.59
2017-08-07 00:00:00+00:00,3232.03,4189.42,3198.51,4062.6,742860.56,2679859534.6
2017-08-14 00:00:00+00:00,4062.6,4487.5,3837.13,4066.6,908705.45,3795779371.05
2017-08-21 00:00:00+00:00,4066.6,4461.71,3612.21,4345.75,611490.0061,2525960520.3
2017-08-28 00:00:00+00:00,4345.75,4976.52,4195.23,4612.92,682660.13,3142195272.48
2017-09-04 00:00:00+00:00,4612.92,4699.59,4004.62,4245.89,935192.23,4066345998.91
2017-09-11 00:00:00+00:00,4245.89,4387.76,2979.88,3689.61,1571831.0145,5755317004.71
2017-09-18 00:00:00+00:00,3689.61,4122.75,3505.81,3667.52,735127.14,2813753321.04
2017-09-25 00:00:00+00:00,3667.52,4412.62,3665.67,4403.09,599173.57,2460402293.06
2017-10-02 00:00:00+00:00,4403.09,4622.87,4143.35,4611.7,454047.41,1981385152.0
2017-10-09 00:00:00+00:00,4611.7,5862.69,4556.15,5688.14,850579.851,4474457176.47
2017-10-16 00:00:00+00:00,5685.47,6187.2,5114.87,5982.86,689072.67,3961129321.45
2017-10-23 00:00:00+00:00,5982.86,6295.43,5375.64,6147.52,780628.75,4507492161.45
2017-10-30 00:00:00+00:00,6147.7,7599.44,6018.97,7389.55,919098.75,6336198687.92
2017-11-06 00:00:00+00:00,7389.55,7869.1,5493.64,5878.13,1235294.29,8434229581.26
2017-11-13 00:00:00+00:00,5878.09,8100.87,5828.34,8042.64,800262.1,5733169233.27
2017-11-20 00:00:00+00:00,8042.64,9474.62,7819.06,9318.42,568547.6,4747644981.52
2017-11-27 00:00:00+00:00,9318.42,11851.09,8938.7,11246.21,955874.25,9829789885.24
2017-12-04 00:00:00+00:00,11244.2,17294.85,10917.81,15059.6,1341917.58,19204026962.06
2017-12-11 00:00:00+00:00,15060.45,19870.62,15024.56,19065.71,939140.2,16256269649.38
2017-12-18 00:00:00+00:00,19065.71,19221.1,10875.71,13789.95,1524782.36,23311508963.12
2017-12-25 00:00:00+00:00,13789.95,16514.59,11962.09,13850.4,971898.3,13888320468.33
2018-01-01 00:00:00+00:00,13850.49,17252.85,12877.67,16228.16,738591.6371,11281854729.12
2018-01-08 00:00:00+00:00,16228.26,16302.92,12825.95,13638.63,862404.21,12295142216.83
2018-01-15 00:00:00+00:00,13638.63,14355.82,9205.38,11549.93,1342602.941,15569160892.94
2018-01-22 00:00:00+00:00,11549.98,12064.19,9980.5,11767.74,854862.5,9499133738.58
2018-01-29 00:00:00+00:00,11767.74,11860.29,7786.2,8218.05,1202404.74,11272477713.56
2018-02-05 00:00:00+00:00,8218.05,9081.49,5968.36,8084.61,1743401.75,13397029633.98
2018-02-12 00:00:00+00:00,8084.61,11288.34,8084.41,10417.23,909695.22,8876339842.02
2018-02-19 00:00:00+00:00,10418.12,11802.23,9329.44,9610.11,956547.97,10042578340.18
2018-02-26 00:00:00+00:00,9610.11,11539.79,9411.82,11504.42,620547.33,6676952719.56
2018-03-05 00:00:00+00:00,11503.94,11694.15,8393.45,9544.84,1017024.53,9894020154.06
2018-03-12 00:00:00+00:00,9543.98,9907.41,7318.46,8215.4,1075995.56,9089639867.4
2018-03-19 00:00:00+00:00,8215.5,9184.51,8129.66,8472.84,810018.68,7038242095.68
2018-03-26 00:00:00+00:00,8472.56,8521.04,6463.54,6835.84,1007487.82,7436649489.03
2018-04-02 00:00:00+00:00,6835.58,7528.97,6526.67,7049.92,700105.57,4904893191.79
2018-04-09 00:00:00+00:00,7049.92,8437.03,6633.69,8376.73,735816.88,5546561736.2300005
2018-04-16 00:00:00+00:00,8376.73,9047.82,7858.12,8823.36,582065.95,4909210356.81
2018-04-23 00:00:00+00:00,8823.46,9765.23,8669.38,9407.04,736335.23,6780817267.15
2018-04-30 00:00:00+00:00,9407.35,9968.85,8851.1,9644.92,484499.58,4581200198.81
2018-05-07 00:00:00+00:00,9643.99,9662.23,8225.97,8709.46,570956.69,5108106601.4
2018-05-14 00:00:00+00:00,8709.46,8883.0,7940.35,8533.0,519877.05,4369020652.35
2018-05-21 00:00:00+00:00,8533.22,8585.85,7256.67,7362.23,531013.75,4111570726.32
2018-05-28 00:00:00+00:00,7362.23,7774.96,7069.01,7719.75,439127.35,3279214139.72
2018-06-04 00:00:00+00:00,7719.73,7760.73,6661.98,6773.72,407690.99,3030048315.02
2018-06-11 00:00:00+00:00,6773.72,6913.85,6140.63,6457.78,494453.06,3246154206.24
2018-06-18 00:00:00+00:00,6457.78,6839.6,5782.13,6157.78,528866.97,3378262745.06
2018-06-25 00:00:00+00:00,6157.78,6503.33,5813.02,6339.04,467502.74,2887387179.08
2018-07-02 00:00:00+00:00,6342.69,6814.42,5537.86,6707.38,382574.55,2512081434.63
2018-07-09 00:00:00+00:00,6707.46,6803.1,6084.0,6364.26,350788.28,2248256575.61
2018-07-16 00:00:00+00:00,6364.26,7676.55,6349.83,7398.64,532154.28,3860711654.53
2018-07-23 00:00:00+00:00,7398.64,8485.71,7376.66,8216.78,560050.7,4514940460.53
2018-07-30 00:00:00+00:00,8216.7,8273.61,6898.31,7042.39,521232.25,3955704966.0
2018-08-06 00:00:00+00:00,7042.57,7160.4,6014.26,6322.92,607658.77,3952340261.16
2018-08-13 00:00:00+00:00,6322.41,6622.16,5891.87,6502.18,565484.18,3586880212.81
2018-08-20 00:00:00+00:00,6502.24,6890.79,6248.39,6720.6,428483.14,2806117967.43
2018-08-27 00:00:00+00:00,6720.6,7384.38,6674.84,7301.26,394133.65,2772059978.35
2018-09-03 00:00:00+00:00,7301.25,7417.65,6134.76,6249.07,471680.5,3180517863.29
2018-09-10 00:00:00+00:00,6249.07,6591.59,6199.19,6502.44,341417.76,2189460887.54
2018-09-17 00:00:00+00:00,6502.44,6834.49,6131.02,6702.7,424359.5,2752489126.66
2018-09-24 00:00:00+00:00,6702.73,6806.1,6333.21,6623.71,513399.33,3353502864.45
2018-10-01 00:00:00+00:00,6623.82,6683.55,6428.98,6601.15,260671.68,1712788882.77
2018-10-08 00:00:00+00:00,6601.46,6698.31,6171.95,6277.73,335184.78,2149041254.25
2018-10-15 00:00:00+00:00,6277.73,7234.83,6244.77,6509.87,382938.13,2537261292.3
2018-10-22 00:00:00+00:00,6509.87,6538.35,6432.3,6470.74,204313.34,1325595587.45
2018-10-29 00:00:00+00:00,6470.74,6498.16,6241.49,6467.05,250795.87,1596030245.47
2018-11-05 00:00:00+00:00,6467.05,6562.79,6326.38,6408.18,230559.73,1491187698.68
2018-11-12 00:00:00+00:00,6408.18,6435.41,5300.75,5615.26,532688.43,3070386268.2
2018-11-19 00:00:00+00:00,5615.26,5615.98,3550.04,4004.15,1217726.14,5413300151.35
2018-11-26 00:00:00+00:00,4004.46,4444.39,3598.81,4143.86,874041.12,3517782869.6
2018-12-03 00:00:00+00:00,4143.86,4159.01,3248.0,3592.84,838919.48,3062019135.38
2018-12-10 00:00:00+00:00,3592.84,3645.49,3169.53,3255.37,493964.04,1665965652.03
2018-12-17 00:00:00+00:00,3255.37,4247.71,3239.06,4007.63,804957.92,3088553293.09
2018-12-24 00:00:00+00:00,4007.63,4303.37,3622.39,3896.21,553552.44,2156214540.29
2018-12-31 00:00:00+00:00,3896.21,4145.16,3696.94,4102.85,807975.05,3134730205.77
2019-01-07 00:00:00+00:00,4102.85,4156.16,3528.24,3551.24,418018.06,1613044719.06
2019-01-14 00:00:00+00:00,3551.24,3799.62,3529.25,3567.73,330238.18,1207059128.4
2019-01-21 00:00:00+00:00,3567.73,3676.4,3473.77,3565.08,247372.07,885745203.2
2019-01-28 00:00:00+00:00,3565.08,3567.56,3369.19,3449.62,277894.31,957824267.49
2019-02-04 00:00:00+00:00,3449.62,3735.1,3362.24,3685.14,396289.4,1410604964.97
2019-02-11 00:00:00+00:00,3685.14,3706.17,3567.39,3670.92,464447.7,1682482143.06
2019-02-18 00:00:00+00:00,3670.92,4221.62,3661.42,3771.62,542259.35,2138594288.52
2019-02-25 00:00:00+00:00,3771.62,3909.86,3699.53,3812.31,234599.96,897355578.01
2019-03-04 00:00:00+00:00,3812.31,3975.25,3705.14,3929.84,270089.41,1040761580.78
2019-03-11 00:00:00+00:00,3929.84,4069.11,3825.03,3998.0,219327.43,859459997.71
2019-03-18 00:00:00+00:00,3998.0,4082.29,3953.53,3994.11,195486.66,784111057.21
2019-03-25 00:00:00+00:00,3994.11,4146.88,3887.68,4112.69,201082.86,811549946.98
2019-04-01 00:00:00+00:00,4112.69,5335.7,4082.2,5201.16,746240.45,3696881411.25
2019-04-08 00:00:00+00:00,5201.16,5460.94,4927.62,5165.59,342090.9512,1774384078.4
2019-04-15 00:00:00+00:00,5165.59,5366.6,4969.31,5305.74,232300.59,1212147633.6
2019-04-22 00:00:00+00:00,5305.74,5633.0,5031.69,5272.45,361602.84,1939888176.85
2019-04-29 00:00:00+00:00,5272.45,5901.36,5162.81,5794.14,273559.55,1522737051.2
2019-05-06 00:00:00+00:00,5794.14,7541.61,5644.15,6977.63,532810.25,3492361771.55
2019-05-13 00:00:00+00:00,6977.63,8352.25,6668.67,8193.14,726998.9,5622994295.88
2019-05-20 00:00:00+00:00,8193.14,8779.0,7478.74,8726.23,361563.36,2882722086.09
2019-05-27 00:00:00+00:00,8726.23,9065.89,8027.21,8737.91,350916.6,3017288037.11
2019-06-03 00:00:00+00:00,8737.91,8740.24,7463.94,7643.44,366084.94,2901147538.96
2019-06-10 00:00:00+00:00,7643.44,9372.89,7533.53,8979.18,339815.4,2861626462.35
2019-06-17 00:00:00+00:00,8979.18,11285.51,8941.83,10855.99,445176.95,4421826166.53
2019-06-24 00:00:00+00:00,10855.99,13826.76,10335.34,10769.05,832632.29,9833543321.22
2019-07-01 00:00:00+00:00,10769.05,12055.11,9678.1,11474.28,574527.32,6311833268.95
2019-07-08 00:00:00+00:00,11474.28,13183.73,10118.85,10204.41,562399.89,6626786028.96
2019-07-15 00:00:00+00:00,10204.41,11094.32,9086.51,10586.71,567897.1,5776900668.63
2019-07-22 00:00:00+00:00,10586.71,10676.6,9135.64,9531.77,311719.66,3081642247.31
2019-07-29 00:00:00+00:00,9531.77,11074.95,9386.9,10978.91,263937.06,2697643250.45
2019-08-05 00:00:00+00:00,10978.91,12316.85,10978.89,11549.06,382042.9,4470713095.01
2019-08-12 00:00:00+00:00,11549.06,11554.74,9497.12,10326.25,326931.12,3393890242.23
2019-08-19 00:00:00+00:00,10326.25,10956.06,9777.06,10141.75,251502.03,2591017966.57
2019-08-26 00:00:00+00:00,10141.75,10626.93,9344.69,9768.36,220348.58,2175643919.77
2019-09-02 00:00:00+00:00,9768.36,10938.39,9764.76,10420.88,252056.83,2643000624.64
2019-09-09 00:00:00+00:00,10420.88,10591.45,9855.34,10313.02,165846.88999999998,1700581129.03
2019-09-16 00:00:00+00:00,10313.02,10411.06,9641.11,10036.98,173086.12,1751950270.93
2019-09-23 00:00:00+00:00,10036.98,10073.79,7753.71,8065.26,416431.45,3558355274.52
2019-09-30 00:00:00+00:00,8065.26,8537.6,7736.96,7868.31,221695.94,1814531038.17
2019-10-07 00:00:00+00:00,7868.31,8834.11,7798.09,8296.34,206838.58,1731431852.28
2019-10-14 00:00:00+00:00,8296.34,8439.31,7850.66,8247.25,169062.33,1371195928.87
2019-10-21 00:00:00+00:00,8247.25,10380.48,7336.06,9550.6,435087.47,3789617201.29
2019-10-28 00:00:00+00:00,9550.6,9934.71,8972.0,9221.61,225630.97,2101644000.13
2019-11-04 00:00:00+00:00,9221.61,9578.74,8682.74,9045.85,171021.78,1565089930.31
2019-11-11 00:00:00+00:00,9045.85,9084.49,8393.29,8515.28,137817.23,1193779075.86
2019-11-18 00:00:00+00:00,8515.28,8537.87,6815.03,6930.09,272964.9,2065162925.29
2019-11-25 00:00:00+00:00,6930.09,7872.17,6560.13,7420.53,310999.36,2268037441.73
2019-12-02 00:00:00+00:00,7420.53,7764.68,7110.76,7539.7,180998.39,1337831668.3
2019-12-09 00:00:00+00:00,7539.7,7667.04,7030.37,7132.39,156564.37,1138833242.19
2019-12-16 00:00:00+00:00,7132.39,7527.4,6450.69,7517.58,254997.9,1786349915.75
2019-12-23 00:00:00+00:00,7517.58,7694.65,7061.61,7399.49,169071.36,1242446867.58
2019-12-30 00:00:00+00:00,7399.49,7501.42,6882.62,7359.96,179001.23,1299890718.62
2020-01-06 00:00:00+00:00,7359.96,8458.65,7355.11,8181.49,350795.0,2800933824.34
2020-01-13 00:00:00+00:00,8181.49,9177.39,8057.37,8702.59,312536.67,2715889588.67
2020-01-20 00:00:00+00:00,8702.59,8793.74,8225.83,8602.37,164798.18,1401665982.16
2020-01-27 00:00:00+00:00,8602.37,9561.26,8572.37,9334.25,242378.17,2233282716.05
2020-02-03 00:00:00+00:00,9334.25,10162.71,9089.52,10157.78,233662.2,2250513935.64
2020-02-10 00:00:00+00:00,10157.78,10500.54,9634.4,9925.51,269499.83,2729743406.55
2020-02-17 00:00:00+00:00,9925.51,10300.04,9340.17,9977.39,225609.53,2208433499.05
2020-02-24 00:00:00+00:00,9977.39,10019.3,8443.57,8549.38,265282.52,2389067482.58
2020-03-02 00:00:00+00:00,8549.38,9225.42,8033.06,8057.67,222520.08,1954526409.35
2020-03-09 00:00:00+00:00,8057.67,8200.82,3948.92,5357.02,986641.84,5958623294.62
2020-03-16 00:00:00+00:00,5357.02,6932.04,4454.22,5828.15,866596.02,4880479465.62
2020-03-23 00:00:00+00:00,5828.15,6980.29,5703.64,5882.2,507949.77,3283318852.23
2020-03-30 00:00:00+00:00,5882.2,7245.15,5874.8,6781.64,375211.02,2483649094.97
2020-04-06 00:00:00+00:00,7294.27,7362.93,6757.67,6913.76,169186.96,1189688054.87
2020-04-13 00:00:00+00:00,6913.76,7304.35,6487.08,7132.88,367494.58,2550211996.4
2020-04-20 00:00:00+00:00,7132.88,7731.56,6770.07,7701.35,349118.59,2534461949.99
2020-04-27 00:00:00+00:00,7701.35,9460.77,7639.98,8907.19,572328.02,4911037306.13
2020-05-04 00:00:00+00:00,8907.19,10064.33,8228.22,8735.05,624877.09,5786023924.57
2020-05-11 00:00:00+00:00,8735.05,9937.97,8228.58,9670.56,549972.78,5052345206.35
2020-05-18 00:00:00+00:00,9670.56,9943.74,8707.14,8718.49,385830.41,3621861371.29
2020-05-25 00:00:00+00:00,8718.49,9735.73,8639.46,9450.47,269463.43,2478329394.48
2020-06-01 00:00:00+00:00,9450.47,10359.02,9344.53,9750.7,307093.39,2985259292.54
2020-06-08 00:00:00+00:00,9750.7,9990.4,9093.42,9333.7,275195.8,2640151909.5
2020-06-15 00:00:00+00:00,9333.7,9585.17,8909.5,9292.81,230897.99,2157816854.73
2020-06-22 00:00:00+00:00,9292.81,9774.79,8867.34,9120.39,256928.22,2392728681.3
2020-06-29 00:00:00+00:00,9120.39,9299.67,8935.9,9081.44,177540.41,1620971638.07
2020-07-06 00:00:00+00:00,9081.44,9471.65,9067.64,9300.95,182873.86,1696358792.84
2020-07-13 00:00:00+00:00,9300.95,9336.42,9029.17,9216.02,148393.73,1363604166.61
2020-07-20 00:00:00+00:00,9216.02,10140.55,9136.9,9942.01,226840.87,2179994776.17
2020-07-27 00:00:00+00:00,9942.01,12106.89,9935.51,11063.5,503282.07,5566155844.31
2020-08-03 00:00:00+00:00,11063.5,11912.62,10945.66,11686.34,274155.17,3164280844.49
2020-08-10 00:00:00+00:00,11686.34,12074.31,11138.6,11917.97,288929.5,3378153715.82
2020-08-17 00:00:00+00:00,11917.97,12474.73,11379.06,11651.52,345764.02,4092607230.0
2020-08-24 00:00:00+00:00,11651.52,11827.45,11130.36,11716.54,303001.75,3496204379.65
2020-08-31 00:00:00+00:00,11716.54,12062.06,9880.05,10260.37,393608.31,4264945711.76
2020-09-07 00:00:00+00:00,10260.37,10578.97,9855.68,10332.36,246494.16,2524204004.77
2020-09-14 00:00:00+00:00,10332.36,11173.88,10259.62,10921.85,245856.84,2672178524.42
2020-09-21 00:00:00+00:00,10921.85,10992.25,10166.62,10781.47,190831.48,2014735408.08
2020-09-28 00:00:00+00:00,10781.47,10951.6,10388.07,10675.52,187207.03,2003159683.53
2020-10-05 00:00:00+00:00,10675.52,11485.43,10533.32,11375.51,190285.13,2076217240.28
2020-10-12 00:00:00+00:00,11375.51,11725.28,11223.99,11513.33,181767.97,2075943709.44
2020-10-19 00:00:00+00:00,11513.33,13346.7,11417.11,13041.21,329344.71,4126829700.22
2020-10-26 00:00:00+00:00,13041.21,14077.8,12797.05,13761.72,275086.4,3697944843.2
2020-11-02 00:00:00+00:00,13761.72,15948.88,13221.65,15488.25,206907.6,3013295244.89
2020-11-09 00:00:00+00:00,15488.25,16482.62,14833.13,15964.7,257269.66,4071756707.08
2020-11-16 00:00:00+00:00,15964.7,18966.12,15877.77,18430.59,364970.76,6501363858.5
2020-11-23 00:00:00+00:00,18430.59,19488.81,16270.37,18199.23,450299.95,8058709667.8
2020-11-30 00:00:00+00:00,18199.23,19911.79,18194.17,19378.94,339505.53,6486427903.13
2020-12-07 00:00:00+00:00,19378.94,19414.65,17598.13,19169.05,268777.96,4971596077.9
2020-12-14 00:00:00+00:00,19169.05,24252.16,19001.22,23467.06,458568.97,10065923025.84
2020-12-21 00:00:00+00:00,23467.06,28340.08,22015.91,26249.27,435216.04,10651097367.43
2020-12-28 00:00:00+00:00,26249.27,34789.34,25864.25,33063.48,508740.35,15170754973.84
2021-01-04 00:00:00+00:00,33063.48,41964.96,28493.29,38202.08,1215572.19,43326048936.41
2021-01-11 00:00:00+00:00,38202.08,40093.43,30308.4,35839.51,717119.77,25284312770.8
2021-01-18 00:00:00+00:00,35839.51,37867.53,28817.3,32284.95,780945.85,26412595915.01
2021-01-25 00:00:00+00:00,32284.95,38631.5,29236.73,33143.22,768349.37,25414857959.71
2021-02-01 00:00:00+00:00,33143.22,40989.11,32340.24,38868.82,636778.12,23127282354.69
2021-02-08 00:00:00+00:00,38868.82,49642.39,38063.87,48652.87,513084.73,23503917846.14
2021-02-15 00:00:00+00:00,48652.87,58348.75,45910.0,57469.95,469941.51,24455124179.44
2021-02-22 00:00:00+00:00,57469.95,57540.74,43061.92,45261.03,636421.46,31197160538.01
2021-03-01 00:00:00+00:00,45261.03,52625.39,45058.98,50964.18,409469.8,19993274050.96
2021-03-08 00:00:00+00:00,50964.18,61749.15,49341.09,58998.89,378197.95,21206557894.3
2021-03-15 00:00:00+00:00,58998.89,60589.17,53269.13,57374.95,358142.92,20454945711.68
2021-03-22 00:00:00+00:00,57374.95,58431.44,50406.31,55781.01,325955.39,17670330209.99
2021-03-29 00:00:00+00:00,55781.01,60061.51,54910.57,58219.43,312128.92,18281316863.05
2021-04-05 00:00:00+00:00,58219.43,61193.5,55467.58,59980.45,207215.9,12071391051.43
2021-04-12 00:00:00+00:00,59980.45,64859.81,52785.1,56246.82,387480.05,23327093150.62
2021-04-19 00:00:00+00:00,56246.82,57590.64,47073.07,49120.97,414199.22,21737760535.35
2021-04-26 00:00:00+00:00,49120.97,58498.65,48843.41,56623.51,285390.83,15634865937.56
2021-05-03 00:00:00+00:00,56623.51,59817.52,52978.89,58294.18,646206.54,37119881667.61
2021-05-10 00:00:00+00:00,58294.18,59587.03,43918.69,46490.71,600979.13,31563498916.98
2021-05-17 00:00:00+00:00,46490.71,46665.19,29925.2,34716.84,963832.03,37583122531.75
2021-05-24 00:00:00+00:00,34716.84,40854.81,33400.65,35662.59,469738.04,17480389928.329998
2021-05-31 00:00:00+00:00,35662.59,39482.46,34202.86,35798.57,306536.45,11294761705.24
2021-06-07 00:00:00+00:00,35798.57,39374.68,31034.35,39017.37,426119.17,15101758873.91
2021-06-14 00:00:00+00:00,39017.37,41307.06,33377.82,35602.26,368226.49,13941293611.31
2021-06-21 00:00:00+00:00,35602.26,35760.61,28908.07,34713.81,550445.04,17916426823.34
2021-06-28 00:00:00+00:00,34713.81,36624.75,32715.18,35287.97,228514.23,7890447337.43
2021-07-05 00:00:00+00:00,35287.97,35290.8,32108.68,34249.3,194787.76,6560280664.03
2021-07-12 00:00:00+00:00,34249.3,34658.46,31046.14,31806.3,196150.61,6324303525.08
2021-07-19 00:00:00+00:00,31806.3,35382.63,29320.09,35369.93,221110.61,7028437512.33
2021-07-26 00:00:00+00:00,35369.93,42584.65,35270.24,39870.76,390130.75,15413807120.37
2021-08-02 00:00:00+00:00,39870.76,45310.33,37330.04,43827.75,303253.39,12407408167.74
2021-08-09 00:00:00+00:00,43827.75,48136.25,42818.07,47015.94,226918.01,10392909724.61
2021-08-16 00:00:00+00:00,47015.94,49809.82,43982.21,49289.71,205490.65,9611999256.15
2021-08-23 00:00:00+00:00,49289.71,50513.83,46376.81,48794.26,178101.8,8623850366.63
2021-08-30 00:00:00+00:00,48794.26,51890.18,46500.87,51784.16,283479.02,13799258607.5
2021-09-06 00:00:00+00:00,51784.16,52919.24,43904.42,46049.72,254076.82,12029957524.92
2021-09-13 00:00:00+00:00,46049.72,48808.0,43511.3,47251.76,170751.21,7987720844.37
2021-09-20 00:00:00+00:00,47251.76,47340.49,39767.17,43201.79,311638.72,13389822952.19
2021-09-27 00:00:00+00:00,43201.79,49185.34,40790.67,48234.05,203928.09,9088656630.39
2021-10-04 00:00:00+00:00,48234.05,56473.63,46944.28,54700.24,240121.5,12662800149.36
2021-10-11 00:00:00+00:00,54700.24,62889.98,54098.22,61520.54,236220.15,13800212750.68
2021-10-18 00:00:00+00:00,61520.54,66980.66,59529.34,60863.56,276801.47,17414353629.92
2021-10-25 00:00:00+00:00,60863.56,63709.97,58128.18,61349.75,267534.64,16297862363.89
2021-11-01 00:00:00+00:00,61349.75,64283.57,59554.88,63302.78,171494.92,10619976042.98
2021-11-08 00:00:00+00:00,63302.78,68978.64,62315.02,65509.06,204729.51,13437925883.81
2021-11-15 00:00:00+00:00,65509.06,66335.42,55655.03,58700.83,262058.54,15661811272.47
2021-11-22 00:00:00+00:00,58700.83,59437.04,53436.05,57331.41,232333.8,13078022837.37
2021-11-29 00:00:00+00:00,57331.41,59226.33,43563.07,49465.5,313474.52,16709874695.99
2021-12-06 00:00:00+00:00,49465.5,51953.27,46829.85,50109.99,224855.78,11065118767.33
2021-12-13 00:00:00+00:00,50109.99,50215.42,45505.02,46697.13,232995.05,11070544529.24
2021-12-20 00:00:00+00:00,46697.13,51863.56,45586.49,50790.88,164197.15,8047210667.21
2021-12-27 00:00:00+00:00,50790.88,52079.46,45665.44,47306.41,200095.06,9596054979.26
2022-01-03 00:00:00+00:00,47306.41,47572.23,40534.37,41869.6,235647.63,10289317621.39
2022-01-10 00:00:00+00:00,41869.6,44442.67,39667.6,43100.36,203530.24,8649638005.05
2022-01-17 00:00:00+00:00,43100.36,43513.14,34130.35,36288.15,316413.5,12239737024.66
2022-01-24 00:00:00+00:00,36288.15,38930.36,32990.72,37908.44,322932.16,11767110364.64
2022-01-31 00:00:00+00:00,37908.44,42671.81,36270.47,42412.41,210985.49,8181348346.74
2022-02-07 00:00:00+00:00,42412.41,45837.02,41689.77,42069.84,229787.5,10012557532.75
2022-02-14 00:00:00+00:00,42069.84,44771.91,38019.97,38397.25,182985.5,7635557341.84
2022-02-21 00:00:00+00:00,38397.25,40228.13,34349.58,37714.96,304573.53,11465271273.85
2022-02-28 00:00:00+00:00,37714.96,45069.78,37473.3,38428.92,264787.48,11056824414.04
2022-03-07 00:00:00+00:00,38428.92,42557.95,37191.99,37796.31,234560.98,9245611281.73
2022-03-14 00:00:00+00:00,37796.31,42367.55,37566.52,41243.16,198401.17,7993536363.23
2022-03-21 00:00:00+00:00,41243.16,46896.6,40555.57,46842.14,189489.53,8204818672.51
2022-03-28 00:00:00+00:00,46842.14,48208.48,44256.66,46414.26,185430.37,8665124833.73
2022-04-04 00:00:00+00:00,46414.26,47187.66,41921.59,42153.77,162528.46,7204287272.1
2022-04-11 00:00:00+00:00,42153.77,42422.86,39229.4,39688.16,139364.41,5637026149.71
2022-04-18 00:00:00+00:00,39688.16,42996.5,38569.14,39466.26,157006.97,6377936560.87
2022-04-25 00:00:00+00:00,39466.26,40797.85,37461.76,38480.53,197057.59,7685337886.69
2022-05-02 00:00:00+00:00,38480.53,40004.37,33732.4,34033.77,254070.63,9405790964.62
2022-05-09 00:00:00+00:00,34033.77,34229.57,25835.61,31296.11,624724.91,18782768628.01
2022-05-16 00:00:00+00:00,31296.11,31296.19,28610.2,30264.29,262765.35,7812829528.47
2022-05-23 00:00:00+00:00,30264.29,30634.84,28060.72,29452.23,200609.02,5883215588.09
2022-05-30 00:00:00+00:00,29452.23,32367.02,29249.37,29897.9,199037.52,6086089623.3
2022-06-06 00:00:00+00:00,29897.9,31740.27,26570.67,26587.35,307418.16,9058947678.44
2022-06-13 00:00:00+00:00,26587.35,26871.6,17600.75,20553.48,669254.27,14398291242.46
2022-06-20 00:00:00+00:00,20553.48,21855.84,19616.32,21031.85,268246.55,5569495892.11
2022-06-27 00:00:00+00:00,21031.85,21505.42,18622.86,19294.21,262469.72,5203705299.2
2022-07-04 00:00:00+00:00,19294.21,22377.17,19036.44,20846.53,268908.09,5583309493.44
2022-07-11 00:00:00+00:00,20846.53,21658.47,18919.1,20792.81,281532.02,5705954439.9
2022-07-18 00:00:00+00:00,20792.81,24276.14,20760.73,22585.4,363284.73,8286430433.38
2022-07-25 00:00:00+00:00,22585.4,24619.11,20733.24,23308.14,287525.81,6547381287.85
2022-08-01 00:00:00+00:00,23308.14,23615.71,22418.27,23179.86,231619.9,5347491826.43
2022-08-08 00:00:00+00:00,23179.86,25012.36,22674.6,24313.71,285637.4,6864626520.69
2022-08-15 00:00:00+00:00,24313.71,25203.38,20772.5,21514.79,311872.24,7092238767.75
2022-08-22 00:00:00+00:00,21514.79,21879.03,19527.69,19554.08,301726.9,6343491061.0
2022-08-29 00:00:00+00:00,19554.08,20574.12,19548.16,20003.46,303189.76,6074859040.94
2022-09-05 00:00:00+00:00,20003.46,21850.77,18559.15,21836.45,337164.36,6768762233.78
2022-09-12 00:00:00+00:00,21836.45,22767.89,19345.98,19417.72,354205.27,7304922990.26
2022-09-19 00:00:00+00:00,19417.72,19744.77,18189.92,18809.94,442812.86,8424635098.77
2022-09-26 00:00:00+00:00,18809.94,20377.45,18494.71,19058.15,480055.88,9285760067.95
2022-10-03 00:00:00+00:00,19058.15,20459.26,18988.8,19442.41,352849.67,6998940406.01
2022-10-10 00:00:00+00:00,19442.41,19946.24,18229.27,19264.26,338466.85,6483645954.08
2022-10-17 00:00:00+00:00,19264.26,19698.1,18696.2,19572.6,327319.27,6300822900.21
2022-10-24 00:00:00+00:00,19572.6,21064.84,19164.18,20630.65,549229.6,11161134128.12
2022-10-31 00:00:00+00:00,20630.65,21471.49,20040.32,20910.59,414120.29,8545709364.72
2022-11-07 00:00:00+00:00,20910.59,21066.63,15546.97,16307.47,867889.4,15520164972.29
2022-11-14 00:00:00+00:00,16307.47,17157.81,15797.71,16253.6,354882.54,5899440084.38
2022-11-21 00:00:00+00:00,16253.6,16787.9,15480.69,16420.87,332548.63,5405724233.22
2022-11-28 00:00:00+00:00,16420.87,17255.22,16000.76,17111.76,348138.21,5838674317.94
2022-12-05 00:00:00+00:00,17111.76,17409.45,16713.28,17094.83,282269.37,4816827250.66
2022-12-12 00:00:00+00:00,17094.83,18344.32,16593.68,16742.74,431845.15,7485817111.71
2022-12-19 00:00:00+00:00,16742.74,17028.68,16350.32,16829.1,314319.0,5269266265.49
2022-12-26 00:00:00+00:00,16829.1,16960.3,16364.76,16613.87,260159.96,4325216127.09
2023-01-02 00:00:00+00:00,16613.87,17132.21,16544.15,17115.81,243137.53,4086850847.51
2023-01-09 00:00:00+00:00,17115.81,21255.15,17103.2,20878.94,563770.13,10604336148.39
2023-01-16 00:00:00+00:00,20878.94,23327.14,20411.68,22714.99,500908.7,10881221819.2
2023-01-23 00:00:00+00:00,22714.99,23948.42,22354.6,23747.26,444286.17,10220605429.21
2023-01-30 00:00:00+00:00,23747.26,24229.18,22577.01,22940.79,313712.94,7313819512.88
2023-02-06 00:00:00+00:00,22940.79,23407.79,21495.4,21790.14,279233.34,6255314879.17
2023-02-13 00:00:00+00:00,21790.14,25233.22,21407.31,24287.53,419332.01,9873880531.31
2023-02-20 00:00:00+00:00,24287.53,25216.35,22809.19,23557.29,382741.7,9192207499.36
2023-02-27 00:00:00+00:00,23557.29,23980.02,22134.9,22434.09,251994.66,5817353011.36
2023-03-06 00:00:00+00:00,22434.09,22595.33,19599.47,22183.71,421191.76,8837373362.02
2023-03-13 00:00:00+00:00,22183.71,28441.41,21896.85,28040.29,528101.35,13409994505.06
2023-03-20 00:00:00+00:00,28040.29,28902.98,26676.69,27995.16,357093.72,9977689681.16
2023-03-27 00:00:00+00:00,27995.16,29171.13,26551.46,28187.85,268468.99,7504728260.95
2023-04-03 00:00:00+00:00,28187.85,28766.02,27292.3,28340.68,183975.09,5168786685.1
2023-04-10 00:00:00+00:00,28340.68,31020.32,28179.73,30322.37,236999.37,7122795623.17
2023-04-17 00:00:00+00:00,30322.37,30485.26,27150.5,27596.85,246359.99,7105269086.6
2023-04-24 00:00:00+00:00,27596.85,30016.54,26998.44,29236.81,278166.69,7993556687.8
2023-05-01 00:00:00+00:00,29236.81,29853.13,27680.56,28572.81,220989.9,6357117529.2
2023-05-08 00:00:00+00:00,28572.81,28786.01,25833.3,26931.44,201888.74,5514274256.54
2023-05-15 00:00:00+00:00,26931.44,27668.19,26379.63,26755.17,144666.57,3915249346.46
2023-05-22 00:00:00+00:00,26755.17,28249.51,25882.27,28077.57,141310.99,3785559834.06
2023-05-29 00:00:00+00:00,28077.57,28450.88,26519.23,27125.24,138619.7,3788173538.1
2023-06-05 00:00:00+00:00,27125.24,27423.02,25380.61,25937.58,182429.66,4789173243.69
2023-06-12 00:00:00+00:00,25937.58,26780.79,24765.75,26338.0,149216.47,3844552495.78
2023-06-19 00:00:00+00:00,26338.0,31416.26,26265.34,30473.64,224038.3,6560894325.59
2023-06-26 00:00:00+00:00,30473.64,31272.25,29465.7,30617.66,147758.82,4496087933.99
2023-07-03 00:00:00+00:00,30617.66,31521.11,29725.12,30171.49,112446.27,3438056764.93
2023-07-10 00:00:00+00:00,30171.49,31844.94,29929.3,30248.17,152362.84,4679070668.66
2023-07-17 00:00:00+00:00,30248.17,30417.9,29538.16,30085.68,98989.21,2965956749.1
2023-07-24 00:00:00+00:00,30085.68,30097.78,28860.94,29283.34,91247.11,2672397575.66
2023-07-31 00:00:00+00:00,29283.34,30029.06,28564.09,29046.16,108204.09,3160022635.02
2023-08-07 00:00:00+00:00,29046.16,30210.36,28672.37,29281.55,91580.9,2698082994.13
2023-08-14 00:00:00+00:00,29281.55,29664.61,25328.06,26191.01,141061.09,3880752884.11
2023-08-21 00:00:00+00:00,26191.01,26807.82,25369.8,26091.32,105632.04,2756542457.43
2023-08-28 00:00:00+00:00,26091.32,28154.08,25323.44,25971.37,136400.58,3634983058.22
2023-09-04 00:00:00+00:00,25971.37,26443.61,25379.85,25833.67,84941.68,2196379219.13
2023-09-11 00:00:00+00:00,25833.67,26879.57,24911.78,26533.12,134137.55,3500408568.16
2023-09-18 00:00:00+00:00,26533.12,27493.85,26146.79,26261.44,127082.86,3417555928.97
2023-09-25 00:00:00+00:00,26261.44,28060.49,25997.17,27994.51,133570.58000000002,3569007189.84
2023-10-02 00:00:00+00:00,27994.51,28585.13,27170.07,27933.57,149688.36,4158046158.79
2023-10-09 00:00:00+00:00,27933.57,27999.8,26531.55,27177.41,122736.65,3326575911.97
2023-10-16 00:00:00+00:00,27177.41,30365.61,27131.48,30001.44,213809.03,6160246359.940001
2023-10-23 00:00:00+00:00,30001.44,35183.22,29898.26,34535.38,283148.93,9483971985.76
2023-10-30 00:00:00+00:00,34535.38,35973.2,34058.4,35039.47,165274.02,5740715194.91
2023-11-06 00:00:00+00:00,35039.47,37990.51,34537.87,37079.76,192053.06,6964967346.71
2023-11-13 00:00:00+00:00,37079.76,37977.31,34788.17,37388.64,184760.62,6755175779.88
2023-11-20 00:00:00+00:00,37388.64,38432.07,35656.41,37460.21,182941.4,6816701368.59
2023-11-27 00:00:00+00:00,37460.21,40203.23,36727.3,39980.93,168818.21,6443710288.95
2023-12-04 00:00:00+00:00,39980.93,44735.52,39980.36,43791.67,226187.3,9742613757.66
2023-12-11 00:00:00+00:00,43791.67,43808.9,40180.77,41349.42,217653.91,9139214741.12
2023-12-18 00:00:00+00:00,41349.42,44417.78,40512.69,43023.12,185149.75,7978635765.18
2023-12-25 00:00:00+00:00,43023.12,43817.61,41296.86,42280.14,179098.18,7634693624.07
2024-01-01 00:00:00+00:00,42280.14,45918.98,40214.67,43950.84,299115.9,13106925936.77
2024-01-08 00:00:00+00:00,43950.84,49054.05,41454.57,41704.39,421902.19,19167217401.8
2024-01-15 00:00:00+00:00,41704.39,43562.19,40246.58,41570.17,206546.18,8691520924.32
2024-01-22 00:00:00+00:00,41570.17,42822.8,38512.34,42028.92,238298.21,9627144647.46
2024-01-29 00:00:00+00:00,42028.92,43855.77,41804.05,42570.21,174718.55,7502290202.77
2024-02-05 00:00:00+00:00,42570.21,48597.46,41931.59,48311.16,204238.38,9251561559.32
2024-02-12 00:00:00+00:00,48311.16,52845.45,47718.59,52139.33,240787.08,12240767398.24
2024-02-19 00:00:00+00:00,52139.33,52985.95,50523.07,51727.63,171119.34,8823343401.05
2024-02-26 00:00:00+00:00,51727.63,64086.08,50920.53,63149.43,390849.33,23318436332.21
2024-03-04 00:00:00+00:00,63149.43,70151.23,59268.68,69023.53,419878.75,27912022411.69
2024-03-11 00:00:00+00:00,69023.53,73802.64,64529.3,68364.45,359947.08,25258834867.6
2024-03-18 00:00:00+00:00,68364.45,68925.18,60782.8,67208.33,298122.11,19376486247.51
2024-03-25 00:00:00+00:00,67208.33,71762.06,66400.46,71312.91,186209.37,13013618963.39
2024-04-01 00:00:00+00:00,71312.91,71325.61,64514.87,69357.32,200175.58,13494412093.78
2024-04-08 00:00:00+00:00,69357.32,72750.51,61079.47,65765.64,280343.86,19027165641.88
2024-04-15 00:00:00+00:00,65765.64,66902.94,59607.49,64955.82,222150.87,14072314746.59
2024-04-22 00:00:00+00:00,64955.82,67257.68,62408.97,63111.34,138635.68,8989220879.22
2024-04-29 00:00:00+00:00,63111.34,64721.13,56516.09,64037.5,208571.23,12608358280.74
2024-05-06 00:00:00+00:00,64037.5,65517.33,60181.24,61459.22,123926.66,7735161693.92
2024-05-13 00:00:00+00:00,61459.22,67696.21,60758.38,66268.25,154444.72,9974778119.66
2024-05-20 00:00:00+00:00,66268.25,71964.79,66071.74,68488.29,149872.81,10353450646.27
2024-05-27 00:00:00+00:00,68488.29,70613.89,66605.09,67738.74,103570.68,7061884461.06
2024-06-03 00:00:00+00:00,67738.74,71943.4,67584.62,69639.42,129554.91,9095535539.14
2024-06-10 00:00:00+00:00,69639.42,70172.0,65026.62,66631.59,135465.17,9148301505.01
2024-06-17 00:00:00+00:00,66631.59,67264.71,63154.88,63181.02,134662.72,8764431686.28
2024-06-24 00:00:00+00:00,63181.02,63335.53,58443.98,62685.88,171989.82,10527969137.06
2024-07-01 00:00:00+00:00,62685.88,63800.98,53528.09,55866.6,208596.61,12221956829.13
2024-07-08 00:00:00+00:00,55866.6,61424.95,54305.08,60818.77,192007.44,11089849586.81
2024-07-15 00:00:00+00:00,60818.77,68370.58,60688.12,68176.98,197051.48,12757408645.47
2024-07-22 00:00:00+00:00,68176.98,69416.52,63429.11,68252.75,170197.57,11361179336.46
2024-07-29 00:00:00+00:00,68252.75,70027.05,57174.97,58135.89,214463.04,13735560960.78
2024-08-05 00:00:00+00:00,58135.89,62717.23,49202.81,58725.0,312464.94,17580456872.94
2024-08-12 00:00:00+00:00,58725.0,61788.76,56132.98,58439.22,180534.03,10690249338.24
2024-08-19 00:00:00+00:00,58439.22,65058.66,57828.14,64264.62,192908.87,11788268762.55
2024-08-26 00:00:00+00:00,64264.62,64504.12,57217.94,57313.44,204079.5,12270139647.26
2024-09-02 00:00:00+00:00,57313.44,59825.44,52552.05,54879.33,237878.15,13365362531.42
2024-09-09 00:00:00+00:00,54879.33,60666.01,54591.28,59139.21,247284.95,14278746423.41
2024-09-16 00:00:00+00:00,59139.21,64131.22,57486.82,63587.45,234444.4,14356303039.72
2024-09-23 00:00:00+00:00,63587.45,66547.69,62584.5,65611.98,184789.71,11926034239.67
2024-09-30 00:00:00+00:00,65611.98,65627.43,59846.16,62821.76,278237.84,17221865081.96
2024-10-07 00:00:00+00:00,62821.76,64458.38,58869.24,62854.48,223075.89,13834903462.27
2024-10-14 00:00:00+00:00,62854.48,69385.31,62438.82,69020.94,232971.77,15585009779.66
2024-10-21 00:00:00+00:00,69020.94,69501.44,65171.54,67945.14,203314.83,13681530624.39
2024-10-28 00:00:00+00:00,67945.14,73612.24,67457.91,68747.04,267647.07,18870562466.48
2024-11-04 00:00:00+00:00,68747.04,81520.53,66793.64,80429.43,387204.05,28752912373.3
2024-11-11 00:00:00+00:00,80429.43,93479.86,80283.65,89877.16,558131.5599999999,49379137583.73
2024-11-18 00:00:00+00:00,89877.16,99772.99,87547.97,98018.2,423914.39,40391705249.01
2024-11-25 00:00:00+00:00,98018.2,98974.51,90730.54,97276.47,286897.43,27288841807.65
2024-12-02 00:00:00+00:00,97276.47,104028.51,91741.97,101189.81,376262.13,37010657033.84
2024-12-09 00:00:00+00:00,101189.81,105140.47,94284.0,104424.54,316908.06,31450827143.9
2024-12-16 00:00:00+00:00,104424.54,108369.13,92144.03,95098.66,401808.8,40394839624.81
2024-12-23 00:00:00+00:00,95098.66,99888.75,92378.53,93564.85,238054.92,22744446763.6
2024-12-30 00:00:00+00:00,93564.85,98963.23,91310.52,98346.97,201399.57,19153051887.12
2025-01-06 00:00:00+00:00,98346.97,102747.54,91197.56,94505.67,284647.3,27329956693.19
2025-01-13 00:00:00+00:00,94505.67,106317.18,89153.4,101212.56,320084.71,31687793339.25
2025-01-20 00:00:00+00:00,101212.56,109340.21,99449.75,102576.93,357609.52,37354303804.05
2025-01-27 00:00:00+00:00,102576.93,106472.04,96158.45,97665.06,336842.07,34233261424.96
2025-02-03 00:00:00+00:00,97665.06,102575.82,91142.87,96485.6,352971.61,34371084512.15
2025-02-10 00:00:00+00:00,96485.6,98869.28,94087.33,96132.69,153138.92,14800743558.57
2025-02-17 00:00:00+00:00,96132.69,99519.21,93361.47,96274.12,145979.85,14078139216.37
2025-02-24 00:00:00+00:00,96274.12,96514.26,78203.72,94275.76,355822.01,30848813290.38
2025-03-03 00:00:00+00:00,94275.76,94415.65,80006.76,80719.05,314689.04,27545222641.79
2025-03-10 00:00:00+00:00,80719.05,85315.9,76581.52,82572.37,207480.42,16946279424.05
2025-03-17 00:00:00+00:00,82572.37,87483.4,81137.39,86091.67,124744.62,10487788486.89
2025-03-24 00:00:00+00:00,86091.67,88782.52,81563.47,82379.51,132812.92,11444145030.24
2025-03-31 00:00:00+00:00,82379.51,88505.24,77079.93,78365.57,190071.51,15795413720.65
2025-04-07 00:00:00+00:00,78365.57,86079.47,74426.93,83730.92,264734.03,21104981093.88
2025-04-14 00:00:00+00:00,83730.92,86473.18,83094.96,85167.14,96344.01,8154959164.66
2025-04-21 00:00:00+00:00,85167.14,95924.19,85132.52,93777.44,175264.65,16123169563.12
2025-04-28 00:00:00+00:00,93777.44,97939.99,92864.35,94394.09,116643.71,11127252593.29
2025-05-05 00:00:00+00:00,94394.09,104980.23,93382.91,104124.02,139099.86,13821770015.91
2025-05-12 00:00:00+00:00,104124.02,106670.63,100723.18,106488.62,115765.96,11991408659.59
2025-05-19 00:00:00+00:00,106488.62,111998.96,102104.37,109041.44,151012.71,16295167331.96
2025-05-26 00:00:00+00:00,109041.44,110802.2,103127.75,105702.19,119902.09,12862165261.36
2025-06-02 00:00:00+00:00,105702.19,106888.12,100418.61,105779.28,108389.3,11321612570.5
2025-06-09 00:00:00+00:00,105779.28,110543.89,102773.14,105625.23,107440.26,11502184950.63
2025-06-16 00:00:00+00:00,105625.23,109014.33,98264.46,101015.42,127972.84,13295295140.56
2025-06-23 00:00:00+00:00,101015.42,108538.36,99685.07,108391.87,115998.45,12240444198.05
2025-06-30 00:00:00+00:00,108391.87,110584.4,105143.1,109233.93,85766.9,9273707170.38
2025-07-07 00:00:00+00:00,109233.93,119503.56,107445.04,119127.66,120138.59,13622419497.48
2025-07-14 00:00:00+00:00,119127.66,123220.28,115709.64,117328.61,208672.28,24742008780.23
2025-07-21 00:00:00+00:00,117328.61,120298.65,114756.37,119468.71,144689.03,17019689331.36
2025-07-28 00:00:00+00:00,119468.71,119835.44,111925.95,114238.83,125311.2,14568260033.0
2025-08-04 00:00:00+00:00,114238.83,119320.76,112629.49,119311.7,95300.88,11029349166.94
2025-08-11 00:00:00+00:00,119311.7,124532.7,116865.92,117488.0,139555.22,16702086910.24
2025-08-18 00:00:00+00:00,117488.0,117627.66,110860.71,113486.67,145618.04,16657712080.59
2025-08-25 00:00:00+00:00,113486.67,113648.57,107381.29,108273.72,147142.62,16273028289.42
2025-09-01 00:00:00+00:00,108273.72,113400.39,107271.39,111143.24,129022.73,14272273997.83
2025-09-08 00:00:00+00:00,111143.24,116816.49,110628.16,115351.87,112276.01,12772801871.67
2025-09-15 00:00:00+00:00,115351.87,117981.11,114427.7,115299.83,105934.36,12301352366.7
2025-09-22 00:00:00+00:00,115299.83,115439.04,108664.26,112226.65,146265.21,16293766601.06
2025-09-29 00:00:00+00:00,112226.65,125748.81,111625.37,123535.21,166216.4,19720084007.94
2025-10-06 00:00:00+00:00,123535.21,126287.29,105833.75,115084.73,247852.02,29239491071.15
2025-10-13 00:00:00+00:00,115084.73,116064.34,103552.05,108701.79,222820.25,24538520005.34
2025-10-20 00:00:00+00:00,108701.79,115420.91,106750.91,114559.89,163951.23,18057651009.09
2025-10-27 00:00:00+00:00,114559.89,116395.5,106319.98,110564.52,139980.7,15576195767.9
2025-11-03 00:00:00+00:00,110564.52,110748.58,98932.13,104721.32,228171.06,23522342024.31
2025-11-10 00:00:00+00:00,104721.32,107489.75,93006.43,94244.44,224018.26,22278416913.62
2025-11-17 00:00:00+00:00,94244.44,95973.02,80562.05,86823.45,344580.35,30485569149.93
2025-11-24 00:00:00+00:00,86823.45,93116.85,85242.01,90381.34,177902.75,15839880833.03
2025-12-01 00:00:00+00:00,90381.34,94192.91,83828.42,90413.99,234933.6,21094319715.96
2025-12-08 00:00:00+00:00,90413.99,94617.1,87605.5,88169.62,171982.52,15698801497.97
2025-12-15 00:00:00+00:00,88169.62,90343.35,84424.2,88647.8,180212.62,15728127067.95
2025-12-22 00:00:00+00:00,88647.8,90551.12,86365.36,87886.81,113554.34,9998345395.96
2025-12-29 00:00:00+00:00,87886.81,91750.6,86704.68,91499.58,132174.05,11741368960.11
2026-01-05 00:00:00+00:00,91499.58,94804.38,89212.31,90885.04,159711.03,14664672947.21
2026-01-12 00:00:00+00:00,90885.04,97943.22,90020.58,93642.09,198066.57,18741553683.09
2026-01-19 00:00:00+00:00,93642.09,93642.84,86008.64,86581.03,180053.47,16154143567.55
2026-01-26 00:00:00+00:00,86581.03,90481.33,75653.86,76910.99,278998.41,23303450618.59
2026-02-02 00:00:00+00:00,76910.99,79328.7,60069.72,70297.07,485779.97,34527451833.62
2026-02-09 00:00:00+00:00,70297.07,71391.44,65084.07,68800.76,247794.99,16930758070.88
2026-02-16 00:00:00+00:00,68800.76,70094.71,65618.44,67626.88,179557.31,12119421687.85
2026-02-23 00:00:00+00:00,67626.88,70005.48,62551.85,66637.51,281424.83,18580546146.01
